Symbol,Sector,Industry,ROE > 17%,Quarterly EPS Growth 18%,Quarterly Sales Growth 25%,Quarterly Sales Acceleration,Annual Earnings Growth 25%,Debt-to-Equity Ratio Decreasing,Annual Cash Flow / Shares > Annual EPS by 20%,Accelerating Institutional Ownership,Passes
ATLKY,Industrials,Machinery,True,True,True,True,True,False,True,True,7
PLTR,Information Technology,Software,False,True,False,True,True,True,True,True,6
ANET,Information Technology,Communications Equipment,True,True,False,True,True,True,False,True,6
NVO,Health Care,Pharmaceuticals,True,True,False,False,True,True,True,True,6
CL,Consumer Staples,Household Products,True,True,False,True,False,False,True,True,5
COST,Consumer Staples,Consumer Staples Distribution & Retail,True,True,False,False,True,True,False,True,5
NFLX,Communication Services,Entertainment,True,True,False,True,True,False,False,True,5
QCOM,Information Technology,Semiconductors & Semiconductor Equipment,True,True,False,False,True,True,False,True,5
WRB,Financials,Insurance,False,True,False,True,True,True,False,True,5
LRCX,Information Technology,Semiconductors & Semiconductor Equipment,True,True,False,True,True,True,False,False,5
HUBS,Information Technology,Software,False,True,False,True,False,True,True,True,5
VEEV,Health Care,Health Care Technology,False,True,False,True,True,True,False,True,5
CTAS,Industrials,Commercial Services & Supplies,True,True,False,True,True,False,False,True,5
OWL,Financials,Capital Markets,False,True,False,True,True,False,True,True,5
IRM,Real Estate,Specialized REITs,True,False,False,True,True,False,True,True,5
PHM,Consumer Discretionary,Household Durables,True,True,False,False,True,True,False,True,5
PINS,Communication Services,Interactive Media & Services,False,True,False,False,True,True,True,True,5
RKT,Financials,Financial Services,False,True,True,False,False,True,True,True,5
PDD,Consumer Discretionary,Broadline Retail,False,True,True,True,True,True,False,False,5
PSTG,Information Technology,"Technology Hardware, Storage & Peripherals",False,True,False,False,True,True,True,True,5
MSFT,Information Technology,Software,True,True,False,False,True,True,False,True,5
GDDY,Information Technology,IT Services,False,True,False,True,True,False,True,True,5
HSY,Consumer Staples,Food Products,True,True,False,False,True,True,False,True,5
KR,Consumer Staples,Consumer Staples Distribution & Retail,True,True,False,False,True,True,False,True,5
AMP,Financials,Capital Markets,True,True,False,True,True,False,False,True,5
TEAM,Information Technology,Software,False,True,False,True,True,False,True,True,5
DDOG,Information Technology,Software,False,True,False,True,False,True,True,True,5
WELL,Real Estate,Health Care REITs,False,True,False,True,False,True,False,True,4
CI,Health Care,Health Care Providers & Services,False,False,False,True,True,True,True,False,4
NU,Financials,Banks,False,True,False,True,False,False,True,True,4
NOW,Information Technology,Software,False,True,False,True,False,True,False,True,4
IBKR,Financials,Capital Markets,False,False,False,True,True,True,False,True,4
CPRT,Industrials,Commercial Services & Supplies,True,False,False,False,True,True,False,True,4
VRTX,Health Care,Biotechnology,True,True,False,False,True,True,False,False,4
RSG,Industrials,Commercial Services & Supplies,False,True,False,True,True,False,False,True,4
MCHP,Information Technology,Semiconductors & Semiconductor Equipment,False,False,False,False,True,True,True,True,4
RACE,Consumer Discretionary,Automobiles,True,True,False,False,True,True,False,False,4
EMR,Industrials,Electrical Equipment,True,False,False,True,True,False,False,True,4
APH,Information Technology,"Electronic Equipment, Instruments & Components",True,True,False,False,True,True,False,False,4
CRWD,Information Technology,Software,False,True,False,True,False,True,True,False,4
UBER,Industrials,Ground Transportation,False,False,False,True,True,False,True,True,4
UBS,Financials,Capital Markets,False,True,False,False,True,False,True,True,4
ABNB,Consumer Discretionary,"Hotels, Restaurants & Leisure",False,True,False,False,True,True,False,True,4
BMO,Financials,Banks,False,True,False,False,True,True,False,True,4
WM,Industrials,Commercial Services & Supplies,True,True,False,False,True,False,False,True,4
ROP,Information Technology,Software,False,True,False,True,True,True,False,False,4
ACN,Information Technology,IT Services,True,False,False,False,True,True,False,True,4
INFY,Information Technology,IT Services,True,False,False,False,True,False,True,True,4
CSGP,Real Estate,Real Estate Management & Development,False,False,False,True,False,True,True,True,4
QSR,Consumer Discretionary,"Hotels, Restaurants & Leisure",True,True,False,False,True,True,False,False,4
WDAY,Information Technology,Software,False,True,False,True,True,False,False,True,4
AZN,Health Care,Pharmaceuticals,False,True,False,True,True,False,False,True,4
GOOGL,Communication Services,Interactive Media & Services,True,True,False,False,True,False,False,True,4
ABBV,Health Care,Biotechnology,False,True,False,False,True,False,True,True,4
V,Financials,Financial Services,True,False,False,True,True,False,False,True,4
NVDA,Information Technology,Semiconductors & Semiconductor Equipment,True,True,False,True,True,False,False,False,4
LTMAY,Industrials,Passenger Airlines,False,False,False,True,True,False,True,True,4
URI,Industrials,Trading Companies & Distributors,True,True,False,False,True,True,False,False,4
SE,Communication Services,Entertainment,False,False,False,True,True,False,True,True,4
EL,Consumer Staples,Personal Care Products,True,True,False,False,True,False,False,True,4
FERG,Industrials,Trading Companies & Distributors,True,True,False,False,True,False,False,True,4
SQ,Financials,Financial Services,False,True,False,True,False,True,False,True,4
VRSK,Industrials,Professional Services,True,True,False,False,True,False,True,False,4
ODFL,Industrials,Ground Transportation,True,False,False,False,True,True,False,True,4
GIS,Consumer Staples,Food Products,True,True,False,False,True,False,False,True,4
PAYX,Industrials,Professional Services,True,False,False,False,True,True,False,True,4
HES,Energy,"Oil, Gas & Consumable Fuels",False,True,False,True,True,True,False,False,4
IR,Industrials,Machinery,False,True,False,False,True,True,False,True,4
MLM,Materials,Construction Materials,False,True,False,False,True,True,False,True,4
ROK,Industrials,Electrical Equipment,True,False,False,False,True,True,False,True,4
HWM,Industrials,Aerospace & Defense,False,True,False,True,False,True,False,True,4
DAL,Industrials,Passenger Airlines,False,True,False,False,False,True,True,True,4
AJG,Financials,Insurance,False,True,True,False,True,False,False,True,4
KKR,Financials,Capital Markets,False,True,True,True,False,False,False,True,4
ASX,Information Technology,Semiconductors & Semiconductor Equipment,False,False,False,False,True,True,True,True,4
WDC,Information Technology,"Technology Hardware, Storage & Peripherals",False,True,False,True,True,False,False,True,4
RYAAY,Industrials,Passenger Airlines,False,False,False,False,True,True,True,True,4
BALL,Materials,Containers & Packaging,True,False,False,False,True,False,True,True,4
AXON,Industrials,Aerospace & Defense,False,True,False,True,True,False,False,True,4
DOV,Industrials,Machinery,True,True,False,False,True,False,False,True,4
NET,Information Technology,IT Services,False,True,False,True,False,False,True,True,4
KEYS,Information Technology,"Electronic Equipment, Instruments & Components",True,False,False,False,True,True,False,True,4
ZS,Information Technology,Software,False,True,False,True,False,False,True,True,4
APP,Information Technology,Software,False,True,False,True,False,False,True,True,4
ROL,Industrials,Commercial Services & Supplies,True,False,False,False,True,False,True,True,4
RBLX,Communication Services,Entertainment,False,True,False,True,False,False,True,True,4
ICLR,Health Care,Life Sciences Tools & Services,False,True,False,True,True,True,False,False,4
TER,Information Technology,Semiconductors & Semiconductor Equipment,True,False,False,False,True,True,False,True,4
TEF,Communication Services,Diversified Telecommunication Services,False,True,False,False,True,False,True,True,4
NOK,Information Technology,Communications Equipment,False,True,False,False,True,True,False,True,4
DECK,Consumer Discretionary,"Textiles, Apparel & Luxury Goods",True,True,False,False,True,True,False,False,4
PBA,Energy,"Oil, Gas & Consumable Fuels",False,True,False,False,True,True,False,True,4
LPLA,Financials,Capital Markets,True,False,False,True,True,False,False,True,4
WBD,Communication Services,Entertainment,False,True,False,False,False,True,True,True,4
PTC,Information Technology,Software,False,True,False,True,True,False,False,True,4
TTD,Communication Services,Media,False,True,False,False,False,True,True,False,3
MMC,Financials,Insurance,True,False,False,False,True,False,False,True,3
GWW,Industrials,Trading Companies & Distributors,True,False,False,False,True,True,False,False,3
DOW,Materials,Chemicals,False,True,False,False,True,False,False,True,3
LEN,Consumer Discretionary,Household Durables,False,True,False,False,True,True,False,False,3
PWR,Industrials,Construction & Engineering,False,True,False,False,False,True,False,True,3
FTNT,Information Technology,Software,False,True,False,False,True,False,False,True,3
OKE,Energy,"Oil, Gas & Consumable Fuels",False,False,False,False,True,True,False,True,3
ADSK,Information Technology,Software,False,True,False,False,True,True,False,False,3
COR,Health Care,Health Care Providers & Services,False,False,False,False,True,False,True,True,3
FAST,Industrials,Trading Companies & Distributors,True,False,False,False,True,False,False,True,3
DHI,Consumer Discretionary,Household Durables,False,True,False,False,True,True,False,False,3
O,Real Estate,Retail REITs,False,False,False,True,True,False,False,True,3
DASH,Consumer Discretionary,"Hotels, Restaurants & Leisure",False,True,False,True,False,False,True,False,3
STM,Information Technology,Semiconductors & Semiconductor Equipment,False,False,False,False,True,True,False,True,3
VLO,Energy,"Oil, Gas & Consumable Fuels",False,False,False,False,True,True,False,True,3
CPNG,Consumer Discretionary,Broadline Retail,False,False,False,True,True,False,True,False,3
CSX,Industrials,Ground Transportation,True,False,False,False,True,False,False,True,3
ASML,Information Technology,Semiconductors & Semiconductor Equipment,True,False,False,False,True,False,False,True,3
EQIX,Real Estate,Specialized REITs,False,False,False,True,True,False,False,True,3
FCX,Materials,Metals & Mining,False,False,False,True,True,False,False,True,3
BDX,Health Care,Health Care Equipment & Supplies,False,True,False,False,True,True,False,False,3
EOG,Energy,"Oil, Gas & Consumable Fuels",False,False,False,False,True,True,False,True,3
BMY,Health Care,Pharmaceuticals,False,False,False,False,True,False,True,True,3
CMG,Consumer Discretionary,"Hotels, Restaurants & Leisure",True,True,False,False,True,False,False,False,3
SCCO,Materials,Metals & Mining,True,False,False,False,True,False,False,True,3
SNPS,Information Technology,Software,False,False,False,False,True,True,False,True,3
REGN,Health Care,Biotechnology,False,False,False,False,True,True,False,True,3
HCA,Health Care,Health Care Providers & Services,False,True,False,True,True,False,False,False,3
GSK,Health Care,Pharmaceuticals,True,False,False,False,True,False,False,True,3
MO,Consumer Staples,Tobacco,False,True,False,False,True,False,False,True,3
CME,Financials,Capital Markets,False,False,False,False,True,True,False,True,3
DHR,Health Care,Life Sciences Tools & Services,False,False,False,False,True,True,False,True,3
SHW,Materials,Chemicals,True,False,False,False,True,True,False,False,3
AMT,Real Estate,Specialized REITs,True,True,False,False,False,False,False,True,3
ALL,Financials,Insurance,False,True,False,True,False,False,False,True,3
PDD,Consumer Discretionary,Broadline Retail,False,True,False,False,True,True,False,False,3
ALC,Health Care,Health Care Equipment & Supplies,False,True,False,False,True,False,False,True,3
COF,Financials,Consumer Finance,False,True,False,False,True,False,False,True,3
SNY,Health Care,Pharmaceuticals,False,False,False,False,True,True,False,True,3
AIG,Financials,Insurance,False,True,True,False,True,False,False,False,3
TTE,Energy,"Oil, Gas & Consumable Fuels",False,False,False,False,True,True,False,True,3
ETN,Industrials,Electrical Equipment,False,True,False,False,False,True,False,True,3
UL,Consumer Staples,Personal Care Products,True,False,False,False,True,False,False,True,3
PCAR,Industrials,Machinery,False,True,False,False,True,False,False,True,3
AVGO,Information Technology,Semiconductors & Semiconductor Equipment,False,False,False,True,True,False,False,True,3
INTU,Information Technology,Software,False,False,True,True,True,False,False,False,3
INTC,Information Technology,Semiconductors & Semiconductor Equipment,False,True,False,False,False,False,True,True,3
MU,Information Technology,Semiconductors & Semiconductor Equipment,False,True,False,True,True,False,False,False,3
TXN,Information Technology,Semiconductors & Semiconductor Equipment,True,False,False,False,True,False,False,True,3
SU,Energy,"Oil, Gas & Consumable Fuels",False,False,False,False,True,True,False,True,3
CRH,Materials,Construction Materials,False,False,False,False,True,False,True,True,3
BSX,Health Care,Health Care Equipment & Supplies,False,True,False,False,False,True,False,True,3
GS,Financials,Capital Markets,False,True,False,False,True,False,False,True,3
EW,Health Care,Health Care Equipment & Supplies,True,False,False,False,True,False,False,True,3
EPD,Energy,"Oil, Gas & Consumable Fuels",False,False,False,True,False,True,False,True,3
DIS,Communication Services,Entertainment,False,False,False,False,False,True,True,True,3
ADP,Industrials,Professional Services,True,False,False,True,True,False,False,False,3
AMGN,Health Care,Biotechnology,True,False,False,False,False,False,True,True,3
CEG,Utilities,Electric Utilities,False,True,False,False,True,False,False,True,3
KLAC,Information Technology,Semiconductors & Semiconductor Equipment,True,False,False,False,True,False,False,True,3
TD,Financials,Banks,False,False,False,True,True,False,False,True,3
PLD,Real Estate,Industrial REITs,False,True,False,False,True,False,False,True,3
DE,Industrials,Machinery,True,False,True,False,True,False,False,False,3
ECL,Materials,Chemicals,False,True,False,False,False,True,False,True,3
ZTS,Health Care,Pharmaceuticals,True,False,False,False,True,False,False,True,3
SPOT,Communication Services,Entertainment,False,True,False,False,False,True,False,True,3
CSCO,Information Technology,Communications Equipment,True,False,False,False,False,True,False,True,3
CNQ,Energy,"Oil, Gas & Consumable Fuels",False,False,False,False,True,True,False,True,3
BLK,Financials,Capital Markets,False,True,False,True,False,False,False,True,3
ABT,Health Care,Health Care Equipment & Supplies,False,False,False,False,True,True,False,True,3
FDX,Industrials,Air Freight & Logistics,False,False,False,False,True,True,False,True,3
COIN,Financials,Capital Markets,False,True,True,False,False,False,False,True,3
TJX,Consumer Discretionary,Specialty Retail,False,True,False,False,False,True,False,True,3
MRNA,Health Care,Biotechnology,False,False,False,False,True,False,True,True,3
ADBE,Information Technology,Software,True,False,False,True,True,False,False,False,3
KMB,Consumer Staples,Household Products,False,False,False,False,False,True,True,True,3
META,Communication Services,Interactive Media & Services,True,True,False,False,True,False,False,False,3
KOF,Consumer Staples,Beverages,False,True,False,False,True,True,False,False,3
CVX,Energy,"Oil, Gas & Consumable Fuels",False,False,False,False,True,True,False,True,3
TSM,Information Technology,Semiconductors & Semiconductor Equipment,True,False,False,False,True,True,False,False,3
HD,Consumer Discretionary,Specialty Retail,False,False,False,False,True,False,True,True,3
UMC,Information Technology,Semiconductors & Semiconductor Equipment,False,False,False,False,True,False,True,True,3
TYL,Information Technology,Software,False,True,False,False,False,True,False,True,3
ZM,Information Technology,Software,False,True,False,False,True,True,False,False,3
CSL,Industrials,Building Products,False,True,False,False,True,True,False,False,3
CDW,Information Technology,"Electronic Equipment, Instruments & Components",True,False,False,False,True,True,False,False,3
NDAQ,Financials,Capital Markets,False,False,False,True,True,False,False,True,3
TCOM,Consumer Discretionary,"Hotels, Restaurants & Leisure",False,True,False,False,False,True,False,True,3
TTWO,Communication Services,Entertainment,False,False,False,True,False,False,True,True,3
BIDU,Communication Services,Interactive Media & Services,False,False,False,False,True,True,False,True,3
FSLR,Information Technology,Semiconductors & Semiconductor Equipment,False,True,False,False,True,False,False,True,3
WAB,Industrials,Machinery,False,True,False,False,True,True,False,False,3
LVS,Consumer Discretionary,"Hotels, Restaurants & Leisure",False,True,False,True,False,True,False,False,3
EQR,Real Estate,Residential REITs,False,True,False,True,False,False,False,True,3
MRK,Health Care,Pharmaceuticals,False,True,False,False,True,False,False,True,3
JNJ,Health Care,Pharmaceuticals,True,True,False,False,False,False,False,True,3
ARE,Real Estate,Health Care REITs,False,True,False,False,True,False,False,True,3
BF/B,Consumer Staples,Beverages,True,True,False,False,False,False,False,True,3
MBLY,Consumer Discretionary,Automobile Components,False,False,False,False,True,False,True,True,3
NVR,Consumer Discretionary,Household Durables,True,False,False,False,True,True,False,False,3
DG,Consumer Staples,Consumer Staples Distribution & Retail,True,False,False,False,True,False,False,True,3
TW,Financials,Capital Markets,False,True,False,True,True,False,False,False,3
GFS,Information Technology,Semiconductors & Semiconductor Equipment,False,False,False,False,True,True,False,True,3
SHEL,Energy,"Oil, Gas & Consumable Fuels",False,False,False,False,True,True,False,True,3
TRGP,Energy,"Oil, Gas & Consumable Fuels",False,True,False,True,True,False,False,False,3
ATEYY,Information Technology,Semiconductors & Semiconductor Equipment,True,False,False,False,True,False,True,False,3
SNAP,Communication Services,Interactive Media & Services,False,True,False,False,False,False,True,True,3
BRO,Financials,Insurance,False,True,False,False,True,False,False,True,3
BNTX,Health Care,Biotechnology,False,False,False,False,True,False,True,True,3
ERIC,Information Technology,Communications Equipment,False,True,False,False,True,False,False,True,3
PKX,Materials,Metals & Mining,False,True,False,False,True,False,True,False,3
LYV,Communication Services,Entertainment,False,False,False,False,True,True,False,True,3
HOOD,Financials,Capital Markets,False,True,True,False,False,False,False,True,3
CVE,Energy,"Oil, Gas & Consumable Fuels",False,True,False,False,True,True,False,False,3
GIB,Information Technology,IT Services,True,False,False,False,False,True,False,True,3
FICO,Information Technology,Software,False,True,False,False,True,False,False,True,3
AVB,Real Estate,Residential REITs,False,False,False,True,True,True,False,False,3
VICI,Real Estate,Specialized REITs,False,False,False,True,True,False,False,True,3
DVN,Energy,"Oil, Gas & Consumable Fuels",False,False,False,False,True,True,False,True,3
IMO,Energy,"Oil, Gas & Consumable Fuels",False,False,False,False,True,True,False,True,3
PPG,Materials,Chemicals,False,True,False,False,False,True,False,True,3
RMD,Health Care,Health Care Equipment & Supplies,False,True,False,False,True,False,False,True,3
HAL,Energy,Energy Equipment & Services,False,False,False,False,True,True,False,True,3
EFX,Industrials,Professional Services,False,False,False,True,True,True,False,False,3
GLW,Information Technology,"Electronic Equipment, Instruments & Components",False,True,False,False,True,False,False,True,3
WIT,Information Technology,IT Services,False,False,False,False,False,True,True,True,3
UNH,Health Care,Health Care Providers & Services,True,False,False,False,True,False,True,False,3
MA,Financials,Financial Services,True,True,False,False,False,False,False,True,3
XOM,Energy,"Oil, Gas & Consumable Fuels",False,False,False,False,True,True,False,True,3
KO,Consumer Staples,Beverages,True,False,False,False,False,True,False,True,3
ORCL,Information Technology,Software,False,False,False,True,False,False,True,True,3
CRM,Information Technology,Software,False,True,False,False,True,False,False,True,3
HLT,Consumer Discretionary,"Hotels, Restaurants & Leisure",False,True,False,False,True,False,False,False,2
AMX,Communication Services,Wireless Telecommunication Services,True,False,False,False,False,False,True,False,2
TSN,Consumer Staples,Food Products,False,True,False,False,True,False,False,False,2
MCK,Health Care,Health Care Providers & Services,False,False,False,False,True,False,False,True,2
OXY,Energy,"Oil, Gas & Consumable Fuels",False,False,False,False,True,False,False,True,2
SAN,Financials,Banks,False,False,False,False,True,False,False,True,2
DELL,Information Technology,"Technology Hardware, Storage & Peripherals",False,True,False,False,False,False,False,True,2
SPG,Real Estate,Retail REITs,True,True,False,False,False,False,False,False,2
ES,Utilities,Electric Utilities,False,False,False,False,True,False,False,True,2
PANW,Information Technology,Software,False,True,False,False,False,False,True,False,2
MBGYY,Consumer Discretionary,Automobiles,False,False,False,False,True,True,False,False,2
MMM,Industrials,Industrial Conglomerates,False,False,False,False,True,False,False,True,2
BEKE,Real Estate,Real Estate Management & Development,False,False,False,False,True,False,True,False,2
K,Consumer Staples,Food Products,True,False,False,False,False,False,False,True,2
SBAC,Real Estate,Specialized REITs,False,True,False,False,True,False,False,False,2
WLK,Materials,Chemicals,False,False,False,False,True,True,False,False,2
SLB,Energy,Energy Equipment & Services,False,False,False,False,True,True,False,False,2
MSI,Information Technology,Communications Equipment,False,False,False,False,True,False,True,False,2
ORLY,Consumer Discretionary,Specialty Retail,False,False,False,False,True,False,False,True,2
ITUB,Financials,Banks,False,True,False,False,False,False,True,False,2
APD,Materials,Chemicals,False,True,False,False,True,False,False,False,2
TMO,Health Care,Life Sciences Tools & Services,False,False,False,False,True,True,False,False,2
LDOS,Industrials,Professional Services,False,True,False,False,False,True,False,False,2
HBAN,Financials,Banks,False,False,False,False,True,False,False,True,2
TEVA,Health Care,Pharmaceuticals,False,True,False,False,False,False,True,False,2
CTRA,Energy,"Oil, Gas & Consumable Fuels",False,False,False,False,True,True,False,False,2
ALNY,Health Care,Biotechnology,False,True,False,False,False,False,True,False,2
BAH,Industrials,Professional Services,True,True,False,False,False,False,False,False,2
VTR,Real Estate,Health Care REITs,False,False,False,True,False,False,True,False,2
STLD,Materials,Metals & Mining,False,False,False,False,True,True,False,False,2
HUBB,Industrials,Electrical Equipment,False,False,False,False,True,False,False,True,2
STX,Information Technology,"Technology Hardware, Storage & Peripherals",True,True,False,False,False,False,False,False,2
GPC,Consumer Discretionary,Distributors,False,False,False,False,True,False,False,True,2
MFG,Financials,Banks,False,False,False,False,False,False,True,True,2
GM,Consumer Discretionary,Automobiles,False,True,False,False,True,False,False,False,2
BUD,Consumer Staples,Beverages,False,False,False,False,False,True,False,True,2
NXPI,Information Technology,Semiconductors & Semiconductor Equipment,False,False,False,False,True,True,False,False,2
BABA,Consumer Discretionary,Broadline Retail,False,False,False,False,False,False,True,True,2
CDNS,Information Technology,Software,True,False,False,False,False,False,False,True,2
EQNR,Energy,"Oil, Gas & Consumable Fuels",False,False,False,False,True,False,False,True,2
MELI,Consumer Discretionary,Broadline Retail,False,True,False,False,True,False,False,False,2
SYK,Health Care,Health Care Equipment & Supplies,False,True,False,False,False,True,False,False,2
SO,Utilities,Electric Utilities,False,True,False,False,False,False,False,True,2
FI,Financials,Financial Services,False,True,False,False,True,False,False,False,2
VZ,Communication Services,Diversified Telecommunication Services,False,False,False,False,False,True,False,True,2
AIQUY,Materials,Chemicals,False,False,True,False,False,True,False,False,2
APO,Financials,Financial Services,False,True,False,False,False,False,False,True,2
RY,Financials,Banks,True,False,False,False,False,False,False,True,2
TGT,Consumer Staples,Consumer Staples Distribution & Retail,True,False,False,False,False,False,False,True,2
IBM,Information Technology,IT Services,False,True,False,False,False,False,False,True,2
AFL,Financials,Insurance,False,True,False,False,True,False,False,False,2
PSA,Real Estate,Specialized REITs,False,False,False,False,True,False,False,True,2
TT,Industrials,Building Products,False,True,False,False,False,False,False,True,2
WMB,Energy,"Oil, Gas & Consumable Fuels",False,False,False,False,True,False,False,True,2
ROST,Consumer Discretionary,Specialty Retail,False,True,False,False,False,True,False,False,2
AMAT,Information Technology,Semiconductors & Semiconductor Equipment,True,False,False,False,True,False,False,False,2
ICE,Financials,Capital Markets,False,False,False,True,False,False,False,True,2
AON,Financials,Insurance,False,False,False,False,True,False,False,True,2
GE,Industrials,Aerospace & Defense,False,False,False,False,True,False,False,True,2
CP,Industrials,Ground Transportation,False,False,False,False,True,False,False,True,2
VALE,Materials,Metals & Mining,False,False,False,False,True,True,False,False,2
PGR,Financials,Insurance,False,True,False,True,False,False,False,False,2
SPGI,Financials,Capital Markets,False,True,False,False,True,False,False,False,2
SCHW,Financials,Capital Markets,False,False,False,False,True,False,False,True,2
LOW,Consumer Discretionary,Specialty Retail,False,False,False,False,True,False,False,True,2
HON,Industrials,Industrial Conglomerates,True,False,False,False,False,False,False,True,2
ISRG,Health Care,Health Care Equipment & Supplies,False,True,False,False,False,False,False,True,2
BX,Financials,Capital Markets,False,True,True,False,False,False,False,False,2
UPS,Industrials,Air Freight & Logistics,True,False,False,False,True,False,False,False,2
BA,Industrials,Aerospace & Defense,False,True,False,False,False,False,True,False,2
ADI,Information Technology,Semiconductors & Semiconductor Equipment,False,False,False,False,True,False,False,True,2
NKE,Consumer Discretionary,"Textiles, Apparel & Luxury Goods",True,False,False,False,True,False,False,False,2
MDT,Health Care,Health Care Equipment & Supplies,False,False,False,True,False,False,False,True,2
AXP,Financials,Consumer Finance,False,True,False,True,False,False,False,False,2
MS,Financials,Capital Markets,False,True,False,True,False,False,False,False,2
GILD,Health Care,Biotechnology,False,False,False,False,False,True,True,False,2
CAT,Industrials,Machinery,True,True,False,False,False,False,False,False,2
TME,Communication Services,Entertainment,False,True,False,False,False,False,False,True,2
HPE,Information Technology,"Technology Hardware, Storage & Peripherals",False,False,False,False,False,True,False,True,2
TRP,Energy,"Oil, Gas & Consumable Fuels",False,False,False,True,False,False,False,True,2
TEL,Information Technology,"Electronic Equipment, Instruments & Components",False,True,False,False,True,False,False,False,2
KHC,Consumer Staples,Food Products,False,False,False,False,False,True,False,True,2
CCI,Real Estate,Specialized REITs,False,False,False,False,True,False,False,True,2
ARES,Financials,Capital Markets,False,False,False,False,True,False,False,True,2
SYY,Consumer Staples,Consumer Staples Distribution & Retail,True,False,False,False,False,False,True,False,2
MPLX,Energy,"Oil, Gas & Consumable Fuels",False,False,False,False,True,False,False,True,2
JCI,Industrials,Building Products,False,False,False,False,False,False,True,True,2
PRU,Financials,Insurance,False,False,True,False,False,False,False,True,2
AEP,Utilities,Electric Utilities,False,True,False,False,False,False,False,True,2
CTVA,Materials,Chemicals,False,False,False,False,True,False,False,True,2
NUE,Materials,Metals & Mining,False,False,False,False,True,True,False,False,2
LULU,Consumer Discretionary,"Textiles, Apparel & Luxury Goods",True,False,False,False,True,False,False,False,2
TAK,Health Care,Pharmaceuticals,False,False,False,False,False,True,True,False,2
CHTR,Communication Services,Media,False,False,False,False,True,False,False,True,2
PCG,Utilities,Electric Utilities,False,True,False,False,True,False,False,False,2
RCL,Consumer Discretionary,"Hotels, Restaurants & Leisure",False,True,False,False,False,False,False,True,2
MSCI,Financials,Capital Markets,False,False,False,False,True,False,False,True,2
FTV,Industrials,Machinery,False,True,False,False,False,False,False,True,2
IDXX,Health Care,Health Care Equipment & Supplies,True,False,False,False,True,False,False,False,2
CNC,Health Care,Health Care Providers & Services,False,False,False,True,False,False,False,True,2
EA,Communication Services,Entertainment,False,True,False,False,False,False,False,True,2
PEG,Utilities,Multi-Utilities,False,False,False,True,False,False,False,True,2
STZ,Consumer Staples,Beverages,False,True,False,False,False,False,False,True,2
DXCM,Health Care,Health Care Equipment & Supplies,False,True,False,False,True,False,False,False,2
MFC,Financials,Insurance,False,False,False,False,True,False,False,True,2
SMCI,Information Technology,"Technology Hardware, Storage & Peripherals",False,True,False,False,True,False,False,False,2
FUJIY,Information Technology,"Technology Hardware, Storage & Peripherals",False,False,False,False,True,True,False,False,2
HIG,Financials,Insurance,False,True,False,True,False,False,False,False,2
ADM,Consumer Staples,Food Products,False,False,False,False,True,True,False,False,2
ORAN,Communication Services,Diversified Telecommunication Services,False,True,False,False,False,False,False,True,2
EIX,Utilities,Electric Utilities,False,False,False,False,False,False,True,True,2
VST,Utilities,Independent Power & Renewable Electricity Producers,False,False,False,False,False,False,True,True,2
TSCO,Consumer Discretionary,Specialty Retail,True,False,False,False,True,False,False,False,2
MSTR,Information Technology,Software,False,False,False,False,False,False,True,True,2
FANG,Energy,"Oil, Gas & Consumable Fuels",False,False,False,False,True,True,False,False,2
KVUE,Consumer Staples,Personal Care Products,False,False,False,False,False,False,True,True,2
DB,Financials,Capital Markets,False,False,False,True,True,False,False,False,2
CTSH,Information Technology,IT Services,False,False,False,False,False,True,False,True,2
AEM,Materials,Metals & Mining,False,False,False,False,True,False,False,True,2
GRMN,Consumer Discretionary,Household Durables,False,True,False,False,False,False,False,True,2
EXR,Real Estate,Specialized REITs,False,False,False,True,True,False,False,False,2
XYL,Industrials,Machinery,False,False,False,False,False,True,False,True,2
ON,Information Technology,Semiconductors & Semiconductor Equipment,False,False,False,False,True,True,False,False,2
IT,Information Technology,IT Services,True,False,False,False,True,False,False,False,2
DFS,Financials,Consumer Finance,False,False,False,True,True,False,False,False,2
VRT,Industrials,Electrical Equipment,False,False,False,False,True,False,True,False,2
SNOW,Information Technology,IT Services,False,False,False,True,False,False,True,False,2
MPWR,Information Technology,Semiconductors & Semiconductor Equipment,False,False,False,False,True,False,False,True,2
ACGL,Financials,Insurance,False,True,False,False,False,False,False,True,2
LI,Consumer Discretionary,Automobiles,False,False,False,False,True,False,True,False,2
SAP,Information Technology,Software,False,False,False,False,False,True,True,False,2
TMUS,Communication Services,Wireless Telecommunication Services,False,True,False,False,False,False,False,True,2
NTR,Materials,Chemicals,False,False,False,False,True,False,False,True,2
STT,Financials,Capital Markets,False,False,False,False,True,False,False,True,2
ARGX,Health Care,Biotechnology,False,False,False,False,False,False,True,True,2
STE,Health Care,Health Care Equipment & Supplies,False,False,True,False,False,False,False,True,2
INVH,Real Estate,Residential REITs,False,False,False,True,True,False,False,False,2
BR,Industrials,Professional Services,True,False,False,False,False,True,False,False,2
CCL,Consumer Discretionary,"Hotels, Restaurants & Leisure",False,True,False,False,False,False,True,False,2
WST,Health Care,Life Sciences Tools & Services,False,False,False,False,True,True,False,False,2
APTV,Consumer Discretionary,Automobile Components,False,True,False,False,False,False,False,True,2
ZBH,Health Care,Health Care Equipment & Supplies,False,False,False,False,False,True,False,True,2
WY,Real Estate,Specialized REITs,False,False,False,False,True,False,False,True,2
TROW,Financials,Capital Markets,True,True,False,False,False,False,False,False,2
FCNCA,Financials,Banks,False,False,False,False,True,False,False,True,2
IX,Financials,Financial Services,False,True,False,False,False,False,False,True,2
IFF,Materials,Chemicals,False,True,False,False,False,False,False,True,2
GPN,Financials,Financial Services,False,True,False,False,False,False,False,True,2
CQP,Energy,"Oil, Gas & Consumable Fuels",False,False,False,False,True,True,False,False,2
CCJ,Energy,"Oil, Gas & Consumable Fuels",False,False,False,False,False,False,True,True,2
AWK,Utilities,Water Utilities,False,False,False,False,True,False,False,True,2
PEP,Consumer Staples,Beverages,True,False,False,False,False,False,False,True,2
BAC,Financials,Banks,False,False,False,True,False,False,False,True,2
TSLA,Consumer Discretionary,Automobiles,False,False,False,False,True,False,False,True,2
AMD,Information Technology,Semiconductors & Semiconductor Equipment,False,True,False,False,True,False,False,False,2
AAPL,Information Technology,"Technology Hardware, Storage & Peripherals",True,False,False,False,True,False,False,False,2
LLY,Health Care,Pharmaceuticals,True,True,False,False,False,False,False,False,2
WPM,Materials,Metals & Mining,False,True,False,False,True,False,False,False,2
WMT,Consumer Staples,Consumer Staples Distribution & Retail,False,True,False,False,False,False,False,True,2
AMZN,Consumer Discretionary,Broadline Retail,False,True,False,False,False,False,False,True,2
PG,Consumer Staples,Household Products,False,False,False,False,True,False,False,True,2
COP,Energy,"Oil, Gas & Consumable Fuels",False,False,False,False,True,False,False,False,1
C,Financials,Banks,False,False,False,False,False,False,False,True,1
BNS,Financials,Banks,False,False,False,False,False,False,False,True,1
MRVL,Information Technology,Semiconductors & Semiconductor Equipment,False,False,False,False,False,False,True,False,1
SHOP,Information Technology,IT Services,False,False,False,False,False,False,True,False,1
ITW,Industrials,Machinery,True,False,False,False,False,False,False,False,1
NEE,Utilities,Electric Utilities,False,False,False,False,False,False,False,True,1
TDG,Industrials,Aerospace & Defense,False,True,False,False,False,False,False,False,1
HMC,Consumer Discretionary,Automobiles,False,True,False,False,False,False,False,False,1
UNP,Industrials,Ground Transportation,True,False,False,False,False,False,False,False,1
E,Energy,"Oil, Gas & Consumable Fuels",False,False,False,False,True,False,False,False,1
AZO,Consumer Discretionary,Specialty Retail,False,False,False,False,True,False,False,False,1
F,Consumer Discretionary,Automobiles,False,False,False,False,False,False,False,True,1
CARR,Industrials,Building Products,False,False,False,False,True,False,False,False,1
PFE,Health Care,Pharmaceuticals,False,False,False,False,True,False,False,False,1
TM,Consumer Discretionary,Automobiles,False,False,False,False,False,False,False,True,1
NVS,Health Care,Pharmaceuticals,False,True,False,False,False,False,False,False,1
TRV,Financials,Insurance,False,False,False,True,False,False,False,False,1
ET,Energy,"Oil, Gas & Consumable Fuels",False,False,False,False,False,True,False,False,1
MPC,Energy,"Oil, Gas & Consumable Fuels",False,False,False,False,True,False,False,False,1
PSX,Energy,"Oil, Gas & Consumable Fuels",False,False,False,False,True,False,False,False,1
T,Communication Services,Diversified Telecommunication Services,False,False,False,False,False,False,False,True,1
RTX,Industrials,Aerospace & Defense,False,True,False,False,False,False,False,False,1
MET,Financials,Insurance,False,True,False,False,False,False,False,False,1
TFC,Financials,Banks,False,False,False,False,True,False,False,False,1
MNST,Consumer Staples,Beverages,False,False,False,False,False,False,False,True,1
DLR,Real Estate,Specialized REITs,False,True,False,False,False,False,False,False,1
MCD,Consumer Discretionary,"Hotels, Restaurants & Leisure",False,False,False,False,False,False,False,True,1
MCO,Financials,Capital Markets,True,False,False,False,False,False,False,False,1
USB,Financials,Banks,False,False,False,False,False,False,False,True,1
PM,Consumer Staples,Tobacco,False,False,False,False,True,False,False,False,1
WFC,Financials,Banks,False,False,False,True,False,False,False,False,1
LIN,Materials,Chemicals,False,False,False,False,True,False,False,False,1
JPM,Financials,Banks,False,False,False,False,False,False,False,True,1
ELV,Health Care,Health Care Providers & Services,False,False,False,False,True,False,False,False,1
CMI,Industrials,Machinery,False,True,False,False,False,False,False,False,1
SONY,Consumer Discretionary,Household Durables,False,False,False,False,True,False,False,False,1
VMC,Materials,Construction Materials,False,False,False,False,False,True,False,False,1
MTD,Health Care,Life Sciences Tools & Services,False,False,False,False,True,False,False,False,1
LYB,Materials,Chemicals,False,False,False,False,False,True,False,False,1
GEHC,Health Care,Health Care Equipment & Supplies,False,True,False,False,False,False,False,False,1
ED,Utilities,Multi-Utilities,False,False,False,False,False,False,False,True,1
XEL,Utilities,Electric Utilities,False,False,False,False,True,False,False,False,1
BIIB,Health Care,Biotechnology,False,False,False,False,False,False,False,True,1
ABEV,Consumer Staples,Beverages,False,False,False,False,False,False,True,False,1
SLF,Financials,Insurance,False,False,False,False,False,False,False,True,1
HLN,Consumer Staples,Personal Care Products,False,False,False,False,False,False,False,True,1
GOLD,Materials,Metals & Mining,False,True,False,False,False,False,False,False,1
ANSS,Information Technology,Software,False,False,False,False,False,True,False,False,1
DD,Materials,Chemicals,False,False,False,False,True,False,False,False,1
IQV,Health Care,Life Sciences Tools & Services,False,False,False,False,True,False,False,False,1
KMI,Energy,"Oil, Gas & Consumable Fuels",False,False,False,False,False,False,False,True,1
ABBNY,Industrials,Electrical Equipment,False,False,False,False,True,False,False,False,1
D,Utilities,Multi-Utilities,False,False,False,False,False,False,False,True,1
NWG,Financials,Banks,False,False,False,False,False,False,False,True,1
TECK,Materials,Metals & Mining,False,False,False,False,True,False,False,False,1
FNV,Materials,Metals & Mining,False,False,False,False,True,False,False,False,1
EC,Energy,"Oil, Gas & Consumable Fuels",False,False,False,False,True,False,False,False,1
FTS,Utilities,Electric Utilities,False,False,False,True,False,False,False,False,1
MT,Materials,Metals & Mining,False,False,False,False,True,False,False,False,1
ENTG,Information Technology,Semiconductors & Semiconductor Equipment,False,True,False,False,False,False,False,False,1
CNP,Utilities,Multi-Utilities,False,False,False,False,True,False,False,False,1
MKL,Financials,Insurance,False,True,False,False,False,False,False,False,1
TU,Communication Services,Diversified Telecommunication Services,False,False,False,False,False,False,True,False,1
FITB,Financials,Banks,False,False,False,False,False,False,False,True,1
DLTR,Consumer Staples,Consumer Staples Distribution & Retail,False,False,False,False,True,False,False,False,1
CHD,Consumer Staples,Household Products,False,False,False,False,False,True,False,False,1
ETR,Utilities,Electric Utilities,False,False,False,False,False,True,False,False,1
FE,Utilities,Electric Utilities,False,False,False,False,False,False,False,True,1
DTE,Utilities,Multi-Utilities,False,False,False,False,False,False,False,True,1
MTB,Financials,Banks,False,False,False,True,False,False,False,False,1
EBAY,Consumer Discretionary,Broadline Retail,False,False,False,False,False,False,False,True,1
HEI,Industrials,Aerospace & Defense,False,False,False,False,False,False,False,True,1
FIS,Financials,Financial Services,False,False,False,False,False,False,True,False,1
WCN,Industrials,Commercial Services & Supplies,False,False,False,False,True,False,False,False,1
HUM,Health Care,Health Care Providers & Services,False,False,False,False,False,True,False,False,1
A,Health Care,Life Sciences Tools & Services,False,False,False,False,False,False,False,True,1
YUM,Consumer Discretionary,"Hotels, Restaurants & Leisure",False,False,False,False,False,False,False,True,1
BKNG,Consumer Discretionary,"Hotels, Restaurants & Leisure",False,True,False,False,False,False,False,False,1
PYPL,Financials,Financial Services,False,True,False,False,False,False,False,False,1
GD,Industrials,Aerospace & Defense,False,False,False,False,False,True,False,False,1
AME,Industrials,Electrical Equipment,False,False,False,False,True,False,False,False,1
KDP,Consumer Staples,Beverages,False,False,False,False,False,False,False,True,1
LNG,Energy,"Oil, Gas & Consumable Fuels",False,False,False,False,True,False,False,False,1
CM,Financials,Banks,False,False,False,False,False,False,False,True,1
JD,Consumer Discretionary,Broadline Retail,False,False,False,False,False,False,False,True,1
BK,Financials,Capital Markets,False,False,False,True,False,False,False,False,1
EXC,Utilities,Electric Utilities,False,False,False,False,False,False,False,True,1
CNI,Industrials,Ground Transportation,True,False,False,False,False,False,False,False,1
BSBR,Financials,Banks,False,False,False,False,False,False,True,False,1
MDLZ,Consumer Staples,Food Products,False,False,False,False,False,False,False,True,1
PH,Industrials,Machinery,False,True,False,False,False,False,False,False,1
MAR,Consumer Discretionary,"Hotels, Restaurants & Leisure",False,False,False,False,True,False,False,False,1
NOC,Industrials,Aerospace & Defense,False,False,False,False,True,False,False,False,1
SBUX,Consumer Discretionary,"Hotels, Restaurants & Leisure",False,False,False,False,False,False,False,True,1
BN,Financials,Capital Markets,False,False,False,False,False,False,True,False,1
LMT,Industrials,Aerospace & Defense,True,False,False,False,False,False,False,False,1
PBR,Energy,"Oil, Gas & Consumable Fuels",False,False,False,False,True,False,False,False,1
NTES,Communication Services,Entertainment,False,False,False,False,False,False,False,True,1
PNC,Financials,Banks,False,False,False,False,False,False,False,True,1
NEM,Materials,Metals & Mining,False,False,False,False,False,False,False,False,0
PPL,Utilities,Electric Utilities,False,False,False,False,False,False,False,False,0
SRE,Utilities,Multi-Utilities,False,False,False,False,False,False,False,False,0
RCI,Communication Services,Wireless Telecommunication Services,False,False,False,False,False,False,False,False,0
OTIS,Industrials,Machinery,False,False,False,False,False,False,False,False,0
BCE,Communication Services,Diversified Telecommunication Services,False,False,False,False,False,False,False,False,0
CB,Financials,Insurance,False,False,False,False,False,False,False,False,0
BP,Energy,"Oil, Gas & Consumable Fuels",False,False,False,False,False,False,False,False,0
ENB,Energy,"Oil, Gas & Consumable Fuels",False,False,False,False,False,False,False,False,0
NSC,Industrials,Ground Transportation,False,False,False,False,False,False,False,False,0
CHT,Communication Services,Diversified Telecommunication Services,False,False,False,False,False,False,False,False,0
HPQ,Information Technology,"Technology Hardware, Storage & Peripherals",False,False,False,False,False,False,False,False,0
BKR,Energy,Energy Equipment & Services,False,False,False,False,False,False,False,False,0
LHX,Industrials,Aerospace & Defense,False,False,False,False,False,False,False,False,0
CVS,Health Care,Health Care Providers & Services,False,False,False,False,False,False,False,False,0
TRI,Industrials,Professional Services,False,False,False,False,False,False,False,False,0
DUK,Utilities,Electric Utilities,False,False,False,False,False,False,False,False,0
CMCSA,Communication Services,Media,False,False,False,False,False,False,False,False,0
WTW,Financials,Insurance,False,False,False,False,False,False,False,False,0
CBRE,Real Estate,Real Estate Management & Development,False,False,False,False,False,False,False,False,0
BRK/B,Financials,Financial Services,False,False,False,False,False,False,False,False,0
